Workbook

Sheet Empieza acá
A1: Control de stock para tu negocio
A2: Tres hojas. Solo escribes en dos de ellas. El resto se calcula solo.
B4: Cómo se usa
B6: 1. En la hoja «Productos» escribe lo que vendes: nombre, cuánto tienes hoy y cuál es tu mínimo.
B7: El mínimo es la cantidad con la que ya te conviene reponer, no la que te deja en cero.
B9: 2. En la hoja «Movimientos» anotas cada entrada y cada salida, con la fecha.
B10: Una línea por movimiento. No hay que borrar nada nunca.
B12: 3. La hoja «Qué reponer» te dice sola qué está bajo el mínimo y cuánto pedir.
B13: Esa hoja no se toca: se llena sola con lo que escribiste en las otras dos.
B15: Las celdas con fondo amarillo son las que llenas tú. Las demás tienen fórmulas.
B17: Dejé una fila de ejemplo en cada hoja para que veas el formato. Bórrala cuando
B18: cargues lo tuyo.
B20: Si llevarlo a mano te empieza a cansar, eso mismo se puede automatizar por WhatsApp:
B21: avisas por mensaje lo que entra y lo que sale, y el stock se descuenta solo.
B23: ByM Solutions · Iquique · instagram.com/bymsolution

Sheet Productos
A1: Productos
A2: Llena las columnas amarillas. «Stock hoy» y «Estado» se calculan solos.
A4: Producto | B4: Categoría | C4: Stock inicial | D4: Mínimo | E4: Precio compra | F4: Stock hoy | G4: Estado
A5: Cerveza 350 ml (ejemplo) | B5: Bebidas | C5: 48 | D5: 12 | E5: 850 | F5: =IF($A5="","",$C5+SUMIFS(Movimientos!$D$5:$D$504,Movimientos!$B$5:$B$504,$A5,Movimientos!$C$5:$C$504,"Entrada")-SUMIFS(Movimientos!$D$5:$D$504,Movimientos!$B$5:$B$504,$A5,Movimientos!$C$5:$C$504,"Salida")) -> 54 | G5: =IF($A5="","",IF($F5<=0,"SIN STOCK",IF($F5<=$D5,"REPONER","OK"))) -> OK
A6: Bebida 1,5 L | B6: Bebidas | C6: 24 | D6: 6 | E6: 1100 | F6: =IF($A6="","",$C6+SUMIFS(Movimientos!$D$5:$D$504,Movimientos!$B$5:$B$504,$A6,Movimientos!$C$5:$C$504,"Entrada")-SUMIFS(Movimientos!$D$5:$D$504,Movimientos!$B$5:$B$504,$A6,Movimientos!$C$5:$C$504,"Salida")) -> 24 | G6: =IF($A6="","",IF($F6<=0,"SIN STOCK",IF($F6<=$D6,"REPONER","OK"))) -> OK
A7: Arroz 1 kg | B7: Abarrotes | C7: 30 | D7: 8 | E7: 1250 | F7: =IF($A7="","",$C7+SUMIFS(Movimientos!$D$5:$D$504,Movimientos!$B$5:$B$504,$A7,Movimientos!$C$5:$C$504,"Entrada")-SUMIFS(Movimientos!$D$5:$D$504,Movimientos!$B$5:$B$504,$A7,Movimientos!$C$5:$C$504,"Salida")) -> 30 | G7: =IF($A7="","",IF($F7<=0,"SIN STOCK",IF($F7<=$D7,"REPONER","OK"))) -> OK
A8: Pan de molde | B8: Panadería | C8: 2 | D8: 6 | E8: 1900 | F8: =IF($A8="","",$C8+SUMIFS(Movimientos!$D$5:$D$504,Movimientos!$B$5:$B$504,$A8,Movimientos!$C$5:$C$504,"Entrada")-SUMIFS(Movimientos!$D$5:$D$504,Movimientos!$B$5:$B$504,$A8,Movimientos!$C$5:$C$504,"Salida")) -> 2 | G8: =IF($A8="","",IF($F8<=0,"SIN STOCK",IF($F8<=$D8,"REPONER","OK"))) -> REPONER
F9: =IF($A9="","",$C9+SUMIFS(Movimientos!$D$5:$D$504,Movimientos!$B$5:$B$504,$A9,Movimientos!$C$5:$C$504,"Entrada")-SUMIFS(Movimientos!$D$5:$D$504,Movimientos!$B$5:$B$504,$A9,Movimientos!$C$5:$C$504,"Salida")) | G9: =IF($A9="","",IF($F9<=0,"SIN STOCK",IF($F9<=$D9,"REPONER","OK")))
F10: =IF($A10="","",$C10+SUMIFS(Movimientos!$D$5:$D$504,Movimientos!$B$5:$B$504,$A10,Movimientos!$C$5:$C$504,"Entrada")-SUMIFS(Movimientos!$D$5:$D$504,Movimientos!$B$5:$B$504,$A10,Movimientos!$C$5:$C$504,"Salida")) | G10: =IF($A10="","",IF($F10<=0,"SIN STOCK",IF($F10<=$D10,"REPONER","OK")))
F11: =IF($A11="","",$C11+SUMIFS(Movimientos!$D$5:$D$504,Movimientos!$B$5:$B$504,$A11,Movimientos!$C$5:$C$504,"Entrada")-SUMIFS(Movimientos!$D$5:$D$504,Movimientos!$B$5:$B$504,$A11,Movimientos!$C$5:$C$504,"Salida")) | G11: =IF($A11="","",IF($F11<=0,"SIN STOCK",IF($F11<=$D11,"REPONER","OK")))
F12: =IF($A12="","",$C12+SUMIFS(Movimientos!$D$5:$D$504,Movimientos!$B$5:$B$504,$A12,Movimientos!$C$5:$C$504,"Entrada")-SUMIFS(Movimientos!$D$5:$D$504,Movimientos!$B$5:$B$504,$A12,Movimientos!$C$5:$C$504,"Salida")) | G12: =IF($A12="","",IF($F12<=0,"SIN STOCK",IF($F12<=$D12,"REPONER","OK")))
F13: =IF($A13="","",$C13+SUMIFS(Movimientos!$D$5:$D$504,Movimientos!$B$5:$B$504,$A13,Movimientos!$C$5:$C$504,"Entrada")-SUMIFS(Movimientos!$D$5:$D$504,Movimientos!$B$5:$B$504,$A13,Movimientos!$C$5:$C$504,"Salida")) | G13: =IF($A13="","",IF($F13<=0,"SIN STOCK",IF($F13<=$D13,"REPONER","OK")))
F14: =IF($A14="","",$C14+SUMIFS(Movimientos!$D$5:$D$504,Movimientos!$B$5:$B$504,$A14,Movimientos!$C$5:$C$504,"Entrada")-SUMIFS(Movimientos!$D$5:$D$504,Movimientos!$B$5:$B$504,$A14,Movimientos!$C$5:$C$504,"Salida")) | G14: =IF($A14="","",IF($F14<=0,"SIN STOCK",IF($F14<=$D14,"REPONER","OK")))
F15: =IF($A15="","",$C15+SUMIFS(Movimientos!$D$5:$D$504,Movimientos!$B$5:$B$504,$A15,Movimientos!$C$5:$C$504,"Entrada")-SUMIFS(Movimientos!$D$5:$D$504,Movimientos!$B$5:$B$504,$A15,Movimientos!$C$5:$C$504,"Salida")) | G15: =IF($A15="","",IF($F15<=0,"SIN STOCK",IF($F15<=$D15,"REPONER","OK")))
F16: =IF($A16="","",$C16+SUMIFS(Movimientos!$D$5:$D$504,Movimientos!$B$5:$B$504,$A16,Movimientos!$C$5:$C$504,"Entrada")-SUMIFS(Movimientos!$D$5:$D$504,Movimientos!$B$5:$B$504,$A16,Movimientos!$C$5:$C$504,"Salida")) | G16: =IF($A16="","",IF($F16<=0,"SIN STOCK",IF($F16<=$D16,"REPONER","OK")))
F17: =IF($A17="","",$C17+SUMIFS(Movimientos!$D$5:$D$504,Movimientos!$B$5:$B$504,$A17,Movimientos!$C$5:$C$504,"Entrada")-SUMIFS(Movimientos!$D$5:$D$504,Movimientos!$B$5:$B$504,$A17,Movimientos!$C$5:$C$504,"Salida")) | G17: =IF($A17="","",IF($F17<=0,"SIN STOCK",IF($F17<=$D17,"REPONER","OK")))
F18: =IF($A18="","",$C18+SUMIFS(Movimientos!$D$5:$D$504,Movimientos!$B$5:$B$504,$A18,Movimientos!$C$5:$C$504,"Entrada")-SUMIFS(Movimientos!$D$5:$D$504,Movimientos!$B$5:$B$504,$A18,Movimientos!$C$5:$C$504,"Salida")) | G18: =IF($A18="","",IF($F18<=0,"SIN STOCK",IF($F18<=$D18,"REPONER","OK")))
F19: =IF($A19="","",$C19+SUMIFS(Movimientos!$D$5:$D$504,Movimientos!$B$5:$B$504,$A19,Movimientos!$C$5:$C$504,"Entrada")-SUMIFS(Movimientos!$D$5:$D$504,Movimientos!$B$5:$B$504,$A19,Movimientos!$C$5:$C$504,"Salida")) | G19: =IF($A19="","",IF($F19<=0,"SIN STOCK",IF($F19<=$D19,"REPONER","OK")))
F20: =IF($A20="","",$C20+SUMIFS(Movimientos!$D$5:$D$504,Movimientos!$B$5:$B$504,$A20,Movimientos!$C$5:$C$504,"Entrada")-SUMIFS(Movimientos!$D$5:$D$504,Movimientos!$B$5:$B$504,$A20,Movimientos!$C$5:$C$504,"Salida")) | G20: =IF($A20="","",IF($F20<=0,"SIN STOCK",IF($F20<=$D20,"REPONER","OK")))
... F104: =IF($A104="","",$C104+SUMIFS(Movimientos!$D$5:$D$504,Movimientos!$B$5:$B$504,$A104,Movimientos!$C$5:$C$504,"Entrada")-SUMIFS(Movimientos!$D$5:$D$504,Movimientos!$B$5:$B$504,$A104,Movimientos!$C$5:$C$504,"Salida")) | G104: =IF($A104="","",IF($F104<=0,"SIN STOCK",IF($F104<=$D104,"REPONER","OK")))

Sheet Movimientos
A1: Movimientos
A2: Una línea por cada entrada o salida. El producto tiene que escribirse igual que en la hoja «Productos».
A4: Fecha | B4: Producto | C4: Entrada o salida | D4: Cantidad | E4: Nota
A5: 2026-10-20 | B5: Cerveza 350 ml (ejemplo) | C5: Entrada | D5: 24 | E5: Llegó pedido del proveedor
A6: 2026-10-21 | B6: Cerveza 350 ml (ejemplo) | C6: Salida | D6: 18 | E6: Ventas del fin de semana

Sheet Qué reponer
A1: Qué reponer
A2: Esta hoja se llena sola. Es la lista que te llevas al proveedor.
A4: Producto | B4: Stock hoy | C4: Mínimo | D4: Cuánto pedir | E4: Estado
A5: =IF(Productos!$G5="","",IF(Productos!$G5="OK","",Productos!$A5)) | B5: =IF($A5="","",Productos!$F5) | C5: =IF($A5="","",Productos!$D5) | D5: =IF($A5="","",MAX(Productos!$D5*2-Productos!$F5,Productos!$D5)) | E5: =IF($A5="","",Productos!$G5)
A6: =IF(Productos!$G6="","",IF(Productos!$G6="OK","",Productos!$A6)) | B6: =IF($A6="","",Productos!$F6) | C6: =IF($A6="","",Productos!$D6) | D6: =IF($A6="","",MAX(Productos!$D6*2-Productos!$F6,Productos!$D6)) | E6: =IF($A6="","",Productos!$G6)
A7: =IF(Productos!$G7="","",IF(Productos!$G7="OK","",Productos!$A7)) | B7: =IF($A7="","",Productos!$F7) | C7: =IF($A7="","",Productos!$D7) | D7: =IF($A7="","",MAX(Productos!$D7*2-Productos!$F7,Productos!$D7)) | E7: =IF($A7="","",Productos!$G7)
A8: =IF(Productos!$G8="","",IF(Productos!$G8="OK","",Productos!$A8)) -> Pan de molde | B8: =IF($A8="","",Productos!$F8) -> 2 | C8: =IF($A8="","",Productos!$D8) -> 6 | D8: =IF($A8="","",MAX(Productos!$D8*2-Productos!$F8,Productos!$D8)) -> 10 | E8: =IF($A8="","",Productos!$G8) -> REPONER
A9: =IF(Productos!$G9="","",IF(Productos!$G9="OK","",Productos!$A9)) | B9: =IF($A9="","",Productos!$F9) | C9: =IF($A9="","",Productos!$D9) | D9: =IF($A9="","",MAX(Productos!$D9*2-Productos!$F9,Productos!$D9)) | E9: =IF($A9="","",Productos!$G9)
A10: =IF(Productos!$G10="","",IF(Productos!$G10="OK","",Productos!$A10)) | B10: =IF($A10="","",Productos!$F10) | C10: =IF($A10="","",Productos!$D10) | D10: =IF($A10="","",MAX(Productos!$D10*2-Productos!$F10,Productos!$D10)) | E10: =IF($A10="","",Productos!$G10)
A11: =IF(Productos!$G11="","",IF(Productos!$G11="OK","",Productos!$A11)) | B11: =IF($A11="","",Productos!$F11) | C11: =IF($A11="","",Productos!$D11) | D11: =IF($A11="","",MAX(Productos!$D11*2-Productos!$F11,Productos!$D11)) | E11: =IF($A11="","",Productos!$G11)
A12: =IF(Productos!$G12="","",IF(Productos!$G12="OK","",Productos!$A12)) | B12: =IF($A12="","",Productos!$F12) | C12: =IF($A12="","",Productos!$D12) | D12: =IF($A12="","",MAX(Productos!$D12*2-Productos!$F12,Productos!$D12)) | E12: =IF($A12="","",Productos!$G12)
A13: =IF(Productos!$G13="","",IF(Productos!$G13="OK","",Productos!$A13)) | B13: =IF($A13="","",Productos!$F13) | C13: =IF($A13="","",Productos!$D13) | D13: =IF($A13="","",MAX(Productos!$D13*2-Productos!$F13,Productos!$D13)) | E13: =IF($A13="","",Productos!$G13)
A14: =IF(Productos!$G14="","",IF(Productos!$G14="OK","",Productos!$A14)) | B14: =IF($A14="","",Productos!$F14) | C14: =IF($A14="","",Productos!$D14) | D14: =IF($A14="","",MAX(Productos!$D14*2-Productos!$F14,Productos!$D14)) | E14: =IF($A14="","",Productos!$G14)
A15: =IF(Productos!$G15="","",IF(Productos!$G15="OK","",Productos!$A15)) | B15: =IF($A15="","",Productos!$F15) | C15: =IF($A15="","",Productos!$D15) | D15: =IF($A15="","",MAX(Productos!$D15*2-Productos!$F15,Productos!$D15)) | E15: =IF($A15="","",Productos!$G15)
A16: =IF(Productos!$G16="","",IF(Productos!$G16="OK","",Productos!$A16)) | B16: =IF($A16="","",Productos!$F16) | C16: =IF($A16="","",Productos!$D16) | D16: =IF($A16="","",MAX(Productos!$D16*2-Productos!$F16,Productos!$D16)) | E16: =IF($A16="","",Productos!$G16)
... A104: =IF(Productos!$G104="","",IF(Productos!$G104="OK","",Productos!$A104)) | B104: =IF($A104="","",Productos!$F104) | C104: =IF($A104="","",Productos!$D104) | D104: =IF($A104="","",MAX(Productos!$D104*2-Productos!$F104,Productos!$D104)) | E104: =IF($A104="","",Productos!$G104)
A106: «Cuánto pedir» sugiere dejarte con el doble del mínimo. Ajusta el número si tu proveedor vende por caja.
